Time (s),Current (A),Voltage(V)
0.4350247383,-2.9996306896,3.7950770855
1.4350824356,-2.9996199608,3.7579145432
2.4351391792,-2.9996266365,3.7403557301
3.4351968765,-2.9996562004,3.727240324
4.4352536201,-2.9996609688,3.7163963318
5.4353113174,-2.999682188,3.7069125175
6.4353680611,-2.9997012615,3.6983864307
7.4354257584,-2.999704361,3.6905665398
8.4344825745,-2.9997041225,3.6832756996
9.4345402718,-2.9997084141,3.6764638424
10.4345970154,-2.999727726,3.6699757576
11.4346542358,-2.9997127056,3.6638514996
12.4347114563,-2.9997184277,3.6580052376
13.4347686768,-2.9997344017,3.6524033546
14.4348258972,-2.9997117519,3.6469988823
15.4348831177,-2.9997186661,3.6417975426
16.4349398613,-2.9997155666,3.6367690563
17.4349975586,-2.999723196,3.6318902969
18.4350543022,-2.9997253418,3.6271519661
19.4351119995,-2.9997363091,3.6225349903
20.4351687431,-2.9997286797,3.6180548668
21.4352264404,-2.9997301102,3.6136527061
22.4352831841,-2.9997127056,3.6093640327
23.4353408813,-2.9997124672,3.6051874161
24.435397625,-2.9997131824,3.6010427475
25.4344549179,-2.9997255802,3.5970170498
26.4345121384,-2.9997239113,3.5930438042
27.4345693588,-2.9997076988,3.5891268253
28.4346265793,-2.9997205734,3.5852947235
29.4346837997,-2.9997186661,3.5815165043
30.4347410202,-2.999724865,3.5778050423
31.4347982407,-2.9997131824,3.5741596222
32.4348554611,-2.9997386932,3.5705480576
33.4349126816,-2.9997425079,3.5669896603
34.434969902,-2.9997262955,3.5634963512
35.4350266457,-2.9997291565,3.5600378513
36.4350838661,-2.9997308254,3.5566570759
37.4351410866,-2.9997456074,3.5533144474
38.435198307,-2.9997165203,3.5500359535
39.4352555275,-2.9997165203,3.5467858315
40.435312748,-2.9997322559,3.5435991287
41.4353699684,-2.9997179508,3.5404696465
42.4354271889,-2.999730587,3.5373833179
43.4344844818,-2.9997186661,3.534307003
44.4345417023,-2.9997289181,3.5313146114
45.4345989227,-2.9997265339,3.5283584595
46.4346561432,-2.9997084141,3.5254461765
47.4347133636,-2.9997200966,3.5225644112
48.4347705841,-2.9997105598,3.5197777748
49.4348278046,-2.9997267723,3.5169899464
50.434885025,-2.9997396469,3.5142498016
51.4349422455,-2.9997150898,3.5115604401
52.4349994659,-2.9997057915,3.5088942051
53.4350566864,-2.9996950626,3.5062646866
54.43511343,-2.9997310638,3.5036966801
55.4351706505,-2.9997048378,3.5011720657
56.4352278709,-2.9997191429,3.4986538887
57.4352850914,-2.9997193813,3.4961948395
58.4353423119,-2.9997165203,3.4937622547
59.4353995323,-2.9997267723,3.4913575649
60.4344568253,-2.9997205734,3.488982439
61.4345140457,-2.9997169971,3.4866564274
62.4345712662,-2.9997091293,3.4843387604
63.4346284866,-2.9997098446,3.4820659161
64.4346857071,-2.9997074604,3.4798324108
65.4347429276,-2.9997000694,3.477616787
66.434800148,-2.9996931553,3.4754197598
67.4348573685,-2.9997158051,3.4732804298
68.4349145889,-2.9997086525,3.4711489677
69.4349718094,-2.9997050762,3.4690625668
70.4350290298,-2.999712944,3.4669744968
71.4350862503,-2.9997014999,3.4649143219
72.4351434708,-2.9997210503,3.4628927708
73.4352006912,-2.9997167587,3.460883379
74.4352574348,-2.9997315407,3.458889246
75.4353146553,-2.9997320175,3.4569394588
76.4353718758,-2.9997246265,3.4550039768
77.4354290962,-2.9997074604,3.4530975819
78.4344863892,-2.9996995926,3.4512081146
79.4345436096,-2.9997274876,3.4493334293
80.4346008301,-2.9997115135,3.4474964142
81.4346580505,-2.9997081757,3.445656538
82.434715271,-2.9997131824,3.4438521862
83.4347724915,-2.9997141361,3.4420411587
84.4348297119,-2.9997158051,3.4402558804
85.4348869324,-2.9997274876,3.4385259151
86.4349441528,-2.9997262955,3.43679142
87.4350013733,-2.9997014999,3.4350731373
88.4350585938,-2.9997253418,3.4333753586
89.4351158142,-2.9997241497,3.4316916466
90.4351730347,-2.9997191429,3.430015564
91.4352302551,-2.9997076988,3.4283735752
92.4352874756,-2.9997074604,3.4267368317
93.435344696,-2.9997138977,3.4251098633
94.4354014397,-2.9997169971,3.4235186577
95.4344587326,-2.9997084141,3.4219355583
96.4345159531,-2.9997208118,3.420381546
97.4345731735,-2.999689579,3.4188067913
98.434630394,-2.9997017384,3.4172611237
99.4346876144,-2.9997096062,3.4157347679
100.4347448349,-2.999730587,3.4142203331
101.4348020554,-2.999724865,3.4127254486
102.4348592758,-2.999724865,3.4112331867
103.4349164963,-2.9997172356,3.4097549915
104.4349737167,-2.9997401237,3.4082829952
105.4350309372,-2.9997262955,3.4068491459
106.4350881577,-2.9997193813,3.4054031372
107.4351453781,-2.9997384548,3.4039869308
108.4352025986,-2.9997377396,3.4025571346
109.435259819,-2.9997124672,3.4011657238
110.4353170395,-2.9997410774,3.3998007774
111.4353742599,-2.9997315407,3.3984100819
112.4354314804,-2.9997329712,3.3970749378
113.4344882965,-2.999730587,3.3957316875
114.434545517,-2.9997308254,3.3943908215
115.4346022606,-2.9997165203,3.3930506706
116.4346599579,-2.9997241497,3.391749382
117.4347167015,-2.9997317791,3.3904423714
118.4347743988,-2.9997279644,3.389149189
119.4348311424,-2.9997396469,3.3878686428
120.4348888397,-2.9997255802,3.3865697384
121.4349455833,-2.9997315407,3.3852987289
122.4350032806,-2.9997303486,3.3840429783
123.4350600243,-2.999727726,3.3827881813
124.4351177216,-2.9997355938,3.3815777302
125.4351744652,-2.9997355938,3.3803398609
126.4352321625,-2.9997241497,3.3791012764
127.4352889061,-2.9997403622,3.3778989315
128.4353466034,-2.999745369,3.3767104149
129.435403347,-2.9997487068,3.3755204678
130.43446064,-2.9997322559,3.3743257523
131.4345178604,-2.9997420311,3.3731410503
132.4345750809,-2.9997429848,3.3719830513
133.4346323013,-2.9997377396,3.3708314896
134.4346895218,-2.9997386932,3.3696813583
135.4347462654,-2.9997498989,3.3685495853
136.4348039627,-2.9997439384,3.3674092293
137.4348607063,-2.9997377396,3.366300106
138.4349184036,-2.9997420311,3.3651719093
139.4349751472,-2.9997560978,3.3640706539
140.4350328445,-2.9997663498,3.3629603386
141.4350895882,-2.9997484684,3.3618886471
142.4351472855,-2.9997222424,3.3608129025
143.4352040291,-2.9997308254,3.359739542
144.4352617264,-2.9997396469,3.3586552143
145.43531847,-2.9997420311,3.3576066494
146.4353761673,-2.9997451305,3.3565573692
147.4354329109,-2.9997496605,3.3555054665
148.4344902039,-2.9997496605,3.3544788361
149.4345474243,-2.9997415543,3.3534545898
150.4346046448,-2.9997549057,3.3524241447
151.4346618652,-2.9997487068,3.3514089584
152.4347190857,-2.9997491837,3.3503899574
153.4347758293,-2.9997699261,3.3493998051
154.4348330498,-2.9997630119,3.3483946323
155.4348902702,-2.9997417927,3.3474113941
156.4349474907,-2.9997553825,3.3464159966
157.4350047112,-2.9997491837,3.3454585075
158.4350619316,-2.9997580051,3.344483614
159.4351191521,-2.9997289181,3.3435087204
160.4351763725,-2.9997487068,3.3425631523
161.435233593,-2.9997563362,3.3416261673
162.4352908134,-2.9997589588,3.3406655788
163.4353480339,-2.9997336864,3.3397374153
164.4354052544,-2.999755621,3.3388137817
165.4344625473,-2.9997508526,3.337877512
166.4345197678,-2.9997124672,3.3369832039
167.4345769882,-2.9997358322,3.336073637
168.4346342087,-2.9997608662,3.3351578712
169.4346914291,-2.9997560978,3.3342654705
170.4347486496,-2.9997491837,3.3333773613
171.4348058701,-2.9997527599,3.3324656487
172.4348630905,-2.9997684956,3.3315963745
173.4349198341,-2.9997484684,3.3307015896
174.4349770546,-2.999733448,3.3298413754
175.4350342751,-2.9997348785,3.328984499
176.4350914955,-2.999755621,3.3281214237
177.435148716,-2.9997487068,3.3272609711
178.4352059364,-2.9997460842,3.3264136314
179.4352631569,-2.9997479916,3.3255500793
180.4353203773,-2.9997575283,3.3246939182
181.4353775978,-2.9997646809,3.3238728046
182.4354348183,-2.9997508526,3.3230521679
183.4344921112,-2.9997429848,3.3222472668
184.4345493317,-2.9997441769,3.3214447498
185.4346065521,-2.9997465611,3.3206202984
186.4346637726,-2.9997565746,3.3198075294
187.434720993,-2.9997622967,3.3190207481
188.4347782135,-2.9997165203,3.3182291985
189.434835434,-2.9997348785,3.3174273968
190.4348926544,-2.9997622967,3.316652298
191.4349498749,-2.9997484684,3.3158726692
192.4350070953,-2.9997680187,3.3151028156
193.435063839,-2.9997458458,3.3143358231
194.4351210594,-2.9997611046,3.3135581017
195.4351782799,-2.9997663498,3.3128049374
196.4352355003,-2.9997732639,3.3120419979
197.4352927208,-2.9997622967,3.3113036156
198.4353499413,-2.9997465611,3.3105537891
199.4354071617,-2.9997515678,3.3098199368
200.4344644547,-2.9997632504,3.3090741634
201.4345216751,-2.9997692108,3.3083350658
202.4345788956,-2.999767065,3.3076069355
203.434636116,-2.9997541904,3.3068506718
204.4346933365,-2.9997465611,3.3061218262
205.4347505569,-2.9997713566,3.305437088
206.4348077774,-2.9997742176,3.3047208786
207.4348649979,-2.9997496605,3.3040237427
208.4349222183,-2.9997458458,3.3033242226
209.4349794388,-2.999768734,3.3026065826
210.4350366592,-2.9997711182,3.301923275
211.4350938797,-2.9997520447,3.3012309074
212.4351511002,-2.9997811317,3.3005399704
213.4352078438,-2.9997699261,3.2998349667
214.4352650642,-2.9997675419,3.29915905
215.4353222847,-2.9997782707,3.2984948158
216.4353795052,-2.9997684956,3.2978157997
217.4354367256,-2.9997534752,3.297151804
218.4344940186,-2.9997632504,3.2964820862
219.434551239,-2.9997632504,3.2958230972
220.4346084595,-2.999777317,3.2951464653
221.4346656799,-2.9997799397,3.2944946289
222.4347229004,-2.9997794628,3.2938504219
223.4347801208,-2.9997565746,3.2931954861
224.4348373413,-2.9997689724,3.2925415039
225.4348945618,-2.9997775555,3.2919108868
226.4349517822,-2.9997594357,3.2912578583
227.4350090027,-2.9997706413,3.2906258106
228.4350662231,-2.9997835159,3.2899975777
229.4351234436,-2.999767065,3.2893693447
230.4351806641,-2.9997603893,3.2887413502
231.4352378845,-2.9997780323,3.2881135941
232.4352946281,-2.9997782707,3.2874848843
233.4353518486,-2.9997689724,3.2868700027
234.4354090691,-2.9997787476,3.2862589359
235.434466362,-2.9997639656,3.2856531143
236.4345231056,-2.9997675419,3.285036087
237.4345808029,-2.9997799397,3.2844564915
238.4346375465,-2.9997727871,3.2838301659
239.4346952438,-2.9997699261,3.2832369804
240.4347519875,-2.9997770786,3.2826218605
241.4348096848,-2.9997582436,3.2820372581
242.4348664284,-2.9997594357,3.2814531326
243.4349241257,-2.9997625351,3.2808589935
244.4349808693,-2.9997582436,3.2802677155
245.4350385666,-2.9997525215,3.279676199
246.4350953102,-2.9997711182,3.2791070938
247.4351530075,-2.9997496605,3.278516531
248.4352097511,-2.9997560978,3.2779335976
249.4352674484,-2.9997608662,3.2773764133
250.435324192,-2.9997661114,3.2767994404
251.4353818893,-2.9997727871,3.2762181759
252.435438633,-2.9997704029,3.275660038
253.4344959259,-2.9997541904,3.2751011848
254.4345526695,-2.9997808933,3.2745361328
255.4346103668,-2.9997665882,3.2739648819
256.4346671104,-2.999756813,3.2734076977
257.4347248077,-2.9997882843,3.2728381157
258.4347815514,-2.9997611046,3.2722830772
259.4348392487,-2.9997611046,3.2717263699
260.4348959923,-2.9997649193,3.2711601257
261.4349536896,-2.9997637272,3.2706172466
262.4350104332,-2.9997401237,3.2700600624
263.4350681305,-2.9997775555,3.2695245743
264.4351248741,-2.9997420311,3.2689878941
265.4351825714,-2.999751091,3.2684292793
266.435239315,-2.9997987747,3.2679128647
267.4352970123,-2.9997603893,3.2673680782
268.435353756,-2.9997606277,3.2668323517
269.4354114532,-2.9997630119,3.2662732601
270.4344682693,-2.9997515678,3.2657477856
271.4345254898,-2.9997529984,3.265216589
272.4345822334,-2.9997694492,3.2646820545
273.4346394539,-2.9997560978,3.2641334534
274.4346966743,-2.9997663498,3.2636063099
275.4347538948,-2.9997620583,3.2630746365
276.4348111153,-2.9997665882,3.2625293732
277.4348683357,-2.9997553825,3.2620017529
278.4349255562,-2.9997768402,3.261490345
279.4349827766,-2.9997718334,3.2609708309
280.4350399971,-2.9997694492,3.2604327202
281.4350972176,-2.9997813702,3.2599012852
282.435154438,-2.9997689724,3.2593970299
283.4352116585,-2.9997677803,3.2588615417
284.4352688789,-2.9997837543,3.2583162785
285.4353260994,-2.9997663498,3.2578115463
286.4353833199,-2.9997520447,3.2572865486
287.4354405403,-2.9997754097,3.2567765713
288.4344978333,-2.999771595,3.2562541962
289.4345550537,-2.9997580051,3.2557463646
290.4346122742,-2.9997735023,3.2552304268
291.4346694946,-2.999768734,3.254711628
292.4347262383,-2.9997673035,3.2541985512
293.4347834587,-2.9997665882,3.2536761761
294.4348406792,-2.9997577667,3.2531576157
295.4348978996,-2.999787569,3.2526314259
296.4349551201,-2.9997551441,3.2521417141
297.4350123405,-2.9997754097,3.2516448498
298.435069561,-2.9997611046,3.2511246204
299.4351267815,-2.9997746944,3.2506141663
300.4351840019,-2.9997849464,3.250130415
301.4352412224,-2.9997813702,3.24959445
302.4352984428,-2.9997868538,3.2490870953
303.4353556633,-2.9997711182,3.2485861778
304.4354128838,-2.9997458458,3.2480897903
305.4344701767,-2.9997923374,3.2475640774
306.4345273972,-2.9997677803,3.2470769882
307.4345846176,-2.9997720718,3.2465624809
308.4346418381,-2.9997787476,3.2460920811
309.4346990585,-2.9997735023,3.2455606461
310.434756279,-2.9997830391,3.2450659275
311.4348134995,-2.9997673035,3.2445662022
312.4348702431,-2.9997754097,3.2440485954
313.4349274635,-2.9997649193,3.2435612679
314.434984684,-2.9997601509,3.2430641651
315.4350419044,-2.9997677803,3.2425734997
316.4350991249,-2.9997766018,3.2420523167
317.4351563454,-2.999777317,3.2415492535
318.4352135658,-2.9997644424,3.2410655022
319.4352707863,-2.9997806549,3.2405583858
320.4353280067,-2.9997689724,3.2400569916
321.4353852272,-2.9997694492,3.2395465374
322.4354424477,-2.9997880459,3.2390732765
323.4344997406,-2.9997699261,3.2385704517
324.4345569611,-2.9997837543,3.2380568981
325.4346141815,-2.9997706413,3.2375648022
326.434671402,-2.999758482,3.2370836735
327.4347286224,-2.9997711182,3.2365803719
328.4347858429,-2.9997677803,3.236076355
329.4348430634,-2.9997596741,3.2355809212
330.4349002838,-2.9997665882,3.2350981236
331.4349570274,-2.9997797012,3.2345869541
332.4350142479,-2.9997775555,3.2341132164
333.4350714684,-2.9997732639,3.233594656
334.4351286888,-2.9997611046,3.2330880165
335.4351859093,-2.9997522831,3.2325959206
336.4352431297,-2.9997456074,3.2321183681
337.4353003502,-2.9997870922,3.2316405773
338.4353575706,-2.9997622967,3.231137991
339.4354147911,-2.9997637272,3.2306380272
340.434472084,-2.9997410774,3.2301502228
341.4345293045,-2.9997711182,3.2296524048
342.434586525,-2.9997711182,3.229165554
343.4346437454,-2.9997608662,3.2286589146
344.4347009659,-2.9997704029,3.2281639576
345.4347581863,-2.9997515678,3.2276792526
346.4348154068,-2.9997580051,3.2271718979
347.4348726273,-2.9997651577,3.2266926765
348.4349298477,-2.9997501373,3.2261896133
349.4349870682,-2.9997720718,3.2256946564
350.4350442886,-2.9997515678,3.2251939774
351.4351010323,-2.9997739792,3.2246692181
352.4351582527,-2.9997513294,3.2241914272
353.4352154732,-2.999777317,3.2236971855
354.4352726936,-2.9997591972,3.223181963
355.4353299141,-2.9997854233,3.2227070332
356.4353871346,-2.9997787476,3.222206831
357.435444355,-2.9997830391,3.2217068672
358.4345016479,-2.9997828007,3.2211997509
359.4345583916,-2.9997806549,3.220695734
360.4346160889,-2.9997799397,3.220215559
361.4346728325,-2.9997849464,3.2197096348
362.4347305298,-2.999777317,3.2192168236
363.4347872734,-2.9997849464,3.2187304497
364.4348449707,-2.9997594357,3.2182297707
365.4349017143,-2.9997785091,3.2177426815
366.4349594116,-2.9997537136,3.2172586918
367.4350161552,-2.9997603893,3.2167613506
368.4350738525,-2.9997637272,3.2162754536
369.4351305962,-2.9997861385,3.2157723904
370.4351882935,-2.9997608662,3.2152767181
371.4352450371,-2.9997870922,3.2147605419
372.4353022575,-2.999771595,3.2142577171
373.435359478,-2.99979496,3.2137832642
374.4354166985,-2.9997632504,3.2132782936
375.4344735146,-2.9997677803,3.2127840519
376.4345312119,-2.9997739792,3.2122886181
377.4345879555,-2.9997680187,3.2117807865
378.4346456528,-2.9997885227,3.2112958431
379.4347023964,-2.9997758865,3.2107768059
380.4347600937,-2.9997780323,3.2102982998
381.4348168373,-2.9997842312,3.2097890377
382.4348745346,-2.999789238,3.2093060017
383.4349312782,-2.9997782707,3.2088115215
384.4349889755,-2.9997749329,3.2083106041
385.4350457191,-2.9997713566,3.2078289986
386.4351034164,-2.9997661114,3.2073295116
387.4351601601,-2.9997775555,3.2068257332
388.4352178574,-2.9997651577,3.2063248158
389.435274601,-2.9997880459,3.2058243752
390.4353322983,-2.999774456,3.2053217888
391.4353890419,-2.9997940063,3.2048308849
392.4354462624,-2.9997911453,3.2043294907
393.4345030785,-2.9997990131,3.2038128376
394.4345602989,-2.9997806549,3.2033228874
395.4346175194,-2.9997925758,3.20282197
396.4346747398,-2.9997637272,3.2023332119
397.4347319603,-2.9997806549,3.2018187046
398.4347891808,-2.9997632504,3.2013347149
399.4348464012,-2.9997787476,3.2008254528
400.4349036217,-2.999776125,3.2003273964
401.4349608421,-2.9997684956,3.1998238564
402.4350180626,-2.9998009205,3.1993145943
403.4350752831,-2.9997985363,3.1987817287
404.4351325035,-2.999789238,3.1982903481
405.435189724,-2.9997732639,3.1977751255
406.4352469444,-2.9997889996,3.197268486
407.4353041649,-2.9997718334,3.1967680454
408.4353613853,-2.9997603893,3.1962862015
409.4354186058,-2.9997923374,3.1957674026
410.4344758987,-2.9997904301,3.1952803135
411.4345326424,-2.9997806549,3.1947743893
412.4345898628,-2.9997720718,3.1942453384
413.4346470833,-2.9997925758,3.1937527657
414.4347043037,-2.9997742176,3.1932356358
415.4347615242,-2.9997880459,3.1927316189
416.4348187447,-2.9997811317,3.1922354698
417.4348759651,-2.999774456,3.191734314
418.4349331856,-2.9997808933,3.1912412643
419.434990406,-2.9997663498,3.1907203197
420.4350476265,-2.9997766018,3.1902124882
421.435104847,-2.9997651577,3.1897215843
422.4351620674,-2.9997758865,3.189207077
423.4352192879,-2.9997889996,3.1887154579
424.4352765083,-2.9997861385,3.1881985664
425.4353337288,-2.9997842312,3.1876864433
426.4353909492,-2.9997906685,3.1871674061
427.4354481697,-2.9997963905,3.1866686344
428.4345054626,-2.9997775555,3.1861557961
429.4345626831,-2.9998059273,3.1856384277
430.4346194267,-2.9997975826,3.1851358414
431.4346766472,-2.9997889996,3.1846244335
432.4347338676,-2.9997971058,3.1841206551
433.4347910881,-2.9997889996,3.1836152077
434.4348483086,-2.9997601509,3.1831076145
435.434905529,-2.9997951984,3.1825778484
436.4349627495,-2.9997775555,3.1820838451
437.4350199699,-2.9997782707,3.181566
438.4350771904,-2.9998083115,3.1810541153
439.4351344109,-2.9997620583,3.1805481911
440.4351916313,-2.9998006821,3.1800193787
441.4352488518,-2.9997594357,3.1795046329
442.4353060722,-2.9997911453,3.1789972782
443.4353632927,-2.9997754097,3.1784763336
444.4354205132,-2.9997878075,3.1779572964
445.4344778061,-2.9997622967,3.1774644852
446.4345350266,-2.9998185635,3.1769292355
447.434592247,-2.9997959137,3.1764271259
448.4346494675,-2.9997849464,3.1759157181
449.4347066879,-2.999774456,3.1754031181
450.4347634315,-2.9998056889,3.1748840809
451.434820652,-2.9997787476,3.174390316
452.4348778725,-2.9997756481,3.1738619804
453.4349350929,-2.9998040199,3.173363924
454.4349923134,-2.9997782707,3.1728460789
455.4350495338,-2.9997975826,3.1723301411
456.4351067543,-2.9997701645,3.1718144417
457.4351639748,-2.9998047352,3.1713044643
458.4352211952,-2.9998073578,3.1708006859
459.4352784157,-2.9997808933,3.1702787876
460.4353356361,-2.99979496,3.1697523594
461.4353928566,-2.9997849464,3.1692433357
462.4354500771,-2.9997699261,3.1687281132
463.43450737,-2.9997923374,3.1682116985
464.4345645905,-2.9998030663,3.1676900387
465.4346218109,-2.999792099,3.1671867371
466.4346790314,-2.9997839928,3.166674614
467.4347362518,-2.9997820854,3.1661355495
468.4347934723,-2.9997990131,3.1656427383
469.4348506927,-2.9998016357,3.1650834084
470.4349074364,-2.9997975826,3.1645812988
471.4349646568,-2.99979949,3.1640634537
472.4350218773,-2.9997963905,3.1635379791
473.4350790977,-2.9998028278,3.1630043983
474.4351363182,-2.9997961521,3.1624932289
475.4351935387,-2.9998130798,3.1619565487
476.4352507591,-2.9998049736,3.1614327431
477.4353079796,-2.9998118877,3.1609182358
478.4353652,-2.9998047352,3.1603965759
479.4354224205,-2.9998018742,3.1598608494
480.4344792366,-2.9997897148,3.1593635082
481.4345369339,-2.999806881,3.1588351727
482.4345936775,-2.9998095036,3.158331871
483.4346513748,-2.9998044968,3.1578195095
484.4347081184,-2.9998140335,3.157279253
485.4347658157,-2.9998025894,3.1567647457
486.4348225594,-2.9998013973,3.1562235355
487.4348802567,-2.9998328686,3.1557049751
488.4349370003,-2.9998021126,3.1551845074
489.4349946976,-2.9998152256,3.1546413898
490.4350514412,-2.999796629,3.1541266441
491.4351086617,-2.9998018742,3.1535944939
492.4351658821,-2.9997954369,3.1530914307
493.4352231026,-2.9998013973,3.1525769234
494.4352798462,-2.9998137951,3.1520345211
495.4353375435,-2.999809742,3.151506424
496.4353942871,-2.9998075962,3.1509754658
497.4344520569,-2.9997951984,3.1504571438
498.4345088005,-2.9997813702,3.1499266624
499.4345664978,-2.999838829,3.1493887901
500.4346232414,-2.9998145103,3.148868084
501.4346809387,-2.9998164177,3.1483485699
502.4347376823,-2.9998004436,3.1478176117
503.4347953796,-2.9998130798,3.1473023891
504.4348521233,-2.999787569,3.1467635632
505.4349098206,-2.9998075962,3.1462268829
506.4349665642,-2.9998054504,3.1457018852
507.4350242615,-2.9998259544,3.1451642513
508.4350810051,-2.9997746944,3.144641161
509.4351387024,-2.9997828007,3.1441149712
510.435195446,-2.9997808933,3.1436033249
511.4352526665,-2.9997882843,3.1430630684
512.4353098869,-2.9997839928,3.1425309181
513.4353671074,-2.9998104572,3.1419961452
514.435423851,-2.99979496,3.1414625645
515.434481144,-2.9998049736,3.1409387589
516.4345383644,-2.9998044968,3.1403973103
517.4345955849,-2.9997961521,3.1398518085
518.4346528053,-2.9997794628,3.1393148899
519.4347100258,-2.9998035431,3.1387844086
520.4347672462,-2.9997985363,3.1382510662
521.4348244667,-2.9997632504,3.1377396584
522.4348816872,-2.9997961521,3.1372008324
523.4349389076,-2.9997971058,3.1366567612
524.4349961281,-2.9997882843,3.1360957623
525.4350533485,-2.9997990131,3.135569334
526.435110569,-2.9997828007,3.1350448132
527.4351677895,-2.9998128414,3.1345019341
528.4352250099,-2.9997940063,3.133947134
529.4352822304,-2.9998018742,3.13341856
530.4353394508,-2.9997918606,3.1328821182
531.4353966713,-2.9998102188,3.1323211193
532.4344534874,-2.9997725487,3.1318080425
533.4345107079,-2.9997918606,3.1312637329
534.4345679283,-2.9997808933,3.1307208538
535.4346251488,-2.9998044968,3.1301822662
536.4346823692,-2.9998035431,3.1296107769
537.4347395897,-2.9998042583,3.1290824413
538.4347968102,-2.9997878075,3.1285340786
539.4348540306,-2.9997935295,3.1280012131
540.4349112511,-2.9997930527,3.1274402142
541.4349684715,-2.9997885227,3.1269054413
542.435025692,-2.9997811317,3.1263575554
543.4350829124,-2.9997820854,3.1257982254
544.4351401329,-2.9997756481,3.1252427101
545.4351973534,-2.9997830391,3.1246957779
546.4352545738,-2.9997651577,3.1241574287
547.4353117943,-2.999787569,3.1235961914
548.4353690147,-2.9997851849,3.123039484
549.4354262352,-2.9998090267,3.1224837303
550.4344830513,-2.9997732639,3.1219325066
551.4345402718,-2.9997906685,3.121383667
552.4345974922,-2.9997746944,3.1208198071
553.4346547127,-2.99979496,3.1202654839
554.4347119331,-2.9997749329,3.119720459
555.4347691536,-2.999792099,3.119161129
556.4348263741,-2.999787569,3.1186013222
557.4348835945,-2.9997732639,3.1180458069
558.434940815,-2.9997797012,3.11749506
559.4349980354,-2.9997823238,3.1169300079
560.4350552559,-2.9997870922,3.1163775921
561.4351124763,-2.9997849464,3.1158177853
562.4351696968,-2.9997882843,3.1152410507
563.4352269173,-2.9997837543,3.1146812439
564.4352841377,-2.9997870922,3.1141214371
565.4353413582,-2.9997882843,3.1135420799
566.4353985786,-2.9997961521,3.1129677296
567.4344558716,-2.9997909069,3.1123819351
568.434513092,-2.9997999668,3.1118345261
569.4345698357,-2.9997849464,3.1112351418
570.4346270561,-2.9997992516,3.1106610298
571.4346842766,-2.9997816086,3.1100993156
572.434741497,-2.9997959137,3.1095309258
573.4347987175,-2.9997770786,3.1089544296
574.434855938,-2.9997880459,3.108382225
575.4349131584,-2.9997828007,3.1077992916
576.4349703789,-2.9997916222,3.1072282791
577.4350275993,-2.9998016357,3.106651783
578.4350848198,-2.999797821,3.1060595512
579.4351420403,-2.9997990131,3.1054933071
580.4351992607,-2.9997971058,3.1049067974
581.4352564812,-2.9998073578,3.1043124199
582.4353137016,-2.9998028278,3.1037194729
583.4353709221,-2.9998061657,3.1031551361
584.4354281425,-2.9997820854,3.1025643349
585.4344854355,-2.9997837543,3.1019902229
586.4345426559,-2.9998087883,3.1013925076
587.4345998764,-2.9997861385,3.1007988453
588.4346570969,-2.9997787476,3.100217104
589.4347138405,-2.9998021126,3.0996279716
590.4347710609,-2.9997975826,3.0990254879
591.4348282814,-2.9997878075,3.0984380245
592.4348855019,-2.9997925758,3.0978357792
593.4349427223,-2.9997944832,3.0972263813
594.4349999428,-2.9998123646,3.0966720581
595.4350571632,-2.9997971058,3.0960831642
596.4351143837,-2.999809742,3.09547019
597.4351716042,-2.9997835159,3.0948753357
598.4352288246,-2.9998128414,3.0942554474
599.4352860451,-2.9997758865,3.0936877728
600.4353432655,-2.9998042583,3.0930752754
601.435400486,-2.9997704029,3.0924813747
602.4344577789,-2.9997904301,3.0918889046
603.4345145226,-2.999778986,3.0912723541
604.4345722198,-2.9997775555,3.0906865597
605.4346289635,-2.9997959137,3.0900797844
606.4346866608,-2.9997999668,3.0894339085
607.4347434044,-2.9997980595,3.0888385773
608.4348011017,-2.9997985363,3.088237524
609.4348578453,-2.999778986,3.087605238
610.4349150658,-2.9997870922,3.0870115757
611.4349722862,-2.9997878075,3.0863826275
612.4350295067,-2.999792099,3.0857656002
613.4350862503,-2.9998030663,3.0851495266
614.4351439476,-2.9997830391,3.0845556259
615.4352006912,-2.9998009205,3.0839226246
616.4352583885,-2.9997651577,3.0833191872
617.4353151321,-2.9997932911,3.0826957226
618.4353728294,-2.9997775555,3.082056284
619.4354295731,-2.9998033047,3.0814461708
620.4344873428,-2.999765873,3.0808074474
621.4345440865,-2.9998104572,3.0801873207
622.4346017838,-2.9998123646,3.0795536041
623.4346585274,-2.9997589588,3.0789272785
624.4347162247,-2.9997911453,3.0783047676
625.4347729683,-2.9997625351,3.0776641369
626.4348306656,-2.9997947216,3.0770251751
627.4348874092,-2.9997677803,3.0763986111
628.4349446297,-2.9997861385,3.075751543
629.4350018501,-2.9997735023,3.0751113892
630.4350590706,-2.9997801781,3.0744717121
631.435116291,-2.9997594357,3.0738241673
632.4351735115,-2.9997806549,3.0731897354
633.4352302551,-2.999787569,3.0725393295
634.4352879524,-2.9997811317,3.0718898773
635.435344696,-2.9997756481,3.0712554455
636.4354023933,-2.9997727871,3.0706174374
637.4344592094,-2.9997684956,3.0699532032
638.4345164299,-2.999776125,3.06930089
639.4345736504,-2.9997825623,3.0686357021
640.4346308708,-2.9997565746,3.0679795742
641.4346880913,-2.9997911453,3.0673406124
642.4347453117,-2.9997768402,3.0666496754
643.4348025322,-2.9997787476,3.0659952164
644.4348597527,-2.9997677803,3.0653283596
645.4349169731,-2.9997649193,3.0646538734
646.4349741936,-2.999774456,3.0639979839
647.435031414,-2.9997880459,3.0633187294
648.4350886345,-2.9997713566,3.0626382828
649.4351458549,-2.9997735023,3.0619888306
650.4352030754,-2.9997839928,3.0612876415
651.4352602959,-2.9998040199,3.0606176853
652.4353170395,-2.9997684956,3.0599420071
653.4353742599,-2.9997932911,3.0592606068
654.4354314804,-2.9997963905,3.0585846901
655.4344887733,-2.9997885227,3.0579128265
656.4345459938,-2.9997785091,3.0572264194
657.4346032143,-2.9997825623,3.0565593243
658.4346604347,-2.9997878075,3.0558593273
659.4347176552,-2.9997899532,3.0551686287
660.4347748756,-2.9997899532,3.0544817448
661.4348320961,-2.9997828007,3.0538129807
662.4348893166,-2.9997694492,3.0531075001
663.434946537,-2.9997973442,3.0524134636
664.4350037575,-2.9997825623,3.0517082214
665.4350609779,-2.9997785091,3.0510189533
666.4351181984,-2.9997868538,3.0503110886
667.4351754189,-2.9997870922,3.0496053696
668.4352326393,-2.9998033047,3.0489010811
669.4352898598,-2.9997930527,3.0482010841
670.4353470802,-2.9998071194,3.0474736691
671.4354043007,-2.999786377,3.0467736721
672.4344611168,-2.9997937679,3.0460634232
673.4345183372,-2.9997794628,3.0453205109
674.4345755577,-2.999796629,3.0446224213
675.4346327782,-2.9997870922,3.0438923836
676.4346899986,-2.999774456,3.0431818962
677.4347472191,-2.9998209476,3.0424406528
678.4348044395,-2.9997730255,3.0417189598
679.43486166,-2.9997925758,3.0409867764
680.4349188805,-2.9997844696,3.0402619839
681.4349761009,-2.9997999668,3.0395309925
682.4350333214,-2.9997828007,3.038782835
683.4350905418,-2.9997766018,3.0380504131
684.4351477623,-2.999796629,3.037311554
685.4352049828,-2.9997797012,3.0365693569
686.4352622032,-2.9997823238,3.0358057022
687.4353194237,-2.9997706413,3.0350673199
688.4353766441,-2.99979496,3.0343108177
689.4354338646,-2.9997899532,3.0335426331
690.4344906807,-2.9997735023,3.0328009129
691.4345479012,-2.9998016357,3.0320341587
692.4346051216,-2.999808073,3.0312583447
693.4346623421,-2.9997868538,3.0305101871
694.4347195625,-2.9998056889,3.0297353268
695.434776783,-2.9997837543,3.0289583206
696.4348340034,-2.9997954369,3.0281858444
697.4348912239,-2.9997808933,3.0274159908
698.4349484444,-2.9997963905,3.0266401768
699.4350056648,-2.9997801781,3.0258660316
700.4350628853,-2.9997842312,3.0250597
701.4351201057,-2.9997828007,3.02429533
702.4351773262,-2.9998104572,3.0234808922
703.4352345467,-2.9997947216,3.0227060318
704.4352917671,-2.9997906685,3.0218994617
705.4353489876,-2.9997732639,3.0211009979
706.435406208,-2.9997951984,3.0203008652
707.434463501,-2.9998049736,3.0194759369
708.4345202446,-2.9997785091,3.0186958313
709.4345774651,-2.9997646809,3.0178551674
710.4346346855,-2.9997889996,3.017043829
711.434691906,-2.9998178482,3.0162177086
712.4347491264,-2.9997947216,3.0153884888
713.4348063469,-2.9998164177,3.0145564079
714.4348635674,-2.9997785091,3.0137193203
715.4349207878,-2.999796629,3.0128889084
716.4349780083,-2.9997746944,3.0120537281
717.4350352287,-2.9998002052,3.0112137794
718.4350924492,-2.9997899532,3.0103397369
719.4351496696,-2.9997816086,3.0095033646
720.4352068901,-2.9997713566,3.0086476803
721.4352641106,-2.9998059273,3.0078155994
722.435321331,-2.9997899532,3.0069379807
723.4353785515,-2.9997937679,3.0060741901
724.4354357719,-2.999776125,3.0052082539
725.4344930649,-2.9997897148,3.0043263435
726.4345498085,-2.9998006821,3.0034511089
727.434607029,-2.9998064041,3.0025713444
728.4346642494,-2.9997801781,3.0016789436
729.4347214699,-2.9997844696,3.0007939339
730.4347786903,-2.9997999668,2.9998993874
731.4348359108,-2.9997961521,2.9989726543
732.4348926544,-2.9997985363,2.9980671406
733.4349503517,-2.9997816086,2.997146368
734.4350070953,-2.9998021126,2.9962453842
735.4350647926,-2.9998025894,2.9953167439
736.4351215363,-2.9997954369,2.9944052696
737.4351792336,-2.999809742,2.9934549332
738.4352359772,-2.9997844696,2.9925122261
739.4352936745,-2.999818325,2.9915943146
740.4353504181,-2.9997975826,2.9906303883
741.4354081154,-2.9998164177,2.989675045
742.4344649315,-2.9997987747,2.9887127876
743.4345226288,-2.99979949,2.9877567291
744.4345793724,-2.9997975826,2.9867916107
745.4346370697,-2.9997878075,2.9858179092
746.4346938133,-2.9997992516,2.9848370552
747.4347510338,-2.9997961521,2.9838604927
748.4348082542,-2.9998140335,2.9828619957
749.4348654747,-2.9998004436,2.9818687439
750.4349226952,-2.9998030663,2.980853796
751.4349799156,-2.9998099804,2.9798576832
752.4350366592,-2.9998035431,2.9788496494
753.4350943565,-2.9997980595,2.9778354168
754.4351511002,-2.9997916222,2.9768030643
755.4352087975,-2.9997844696,2.9757704735
756.4352655411,-2.999796629,2.9747374058
757.4353232384,-2.9998250008,2.9737024307
758.435379982,-2.9998047352,2.9726333618
759.4354376793,-2.9998006821,2.9715650082
760.4344944954,-2.9998118877,2.9705109596
761.4345517159,-2.9998185635,2.9694201946
762.4346089363,-2.9998073578,2.9683461189
763.4346661568,-2.9998264313,2.9672484398
764.4347233772,-2.9997990131,2.9661529064
765.4347805977,-2.9997999668,2.9650444984
766.4348378181,-2.9998040199,2.9639256001
767.4348950386,-2.9998085499,2.9627838135
768.4349522591,-2.9998261929,2.9616541862
769.4350094795,-2.9998033047,2.9605123997
770.4350667,-2.9998223782,2.9593734741
771.4351234436,-2.9998002052,2.9582133293
772.4351806641,-2.9998099804,2.9570305347
773.4352378845,-2.9998073578,2.9558362961
774.435295105,-2.9997940063,2.9546272755
775.4353523254,-2.9997930527,2.9534440041
776.4354095459,-2.9998028278,2.9522185326
777.4344668388,-2.9998114109,2.9510045052
778.4345240593,-2.9998140335,2.9497561455
779.4345812798,-2.9998064041,2.9485065937
780.4346385002,-2.999818325,2.9472517967
781.4346957207,-2.9998028278,2.9459738731
782.4347529411,-2.9998140335,2.9447157383
783.4348101616,-2.9998104572,2.9434082508
784.434867382,-2.9998013973,2.942109108
785.4349246025,-2.9998171329,2.9407963753
786.434981823,-2.9997971058,2.9394547939
787.4350390434,-2.999828577,2.9381263256
788.4350962639,-2.9998004436,2.9367711544
789.4351534843,-2.9998030663,2.9353978634
790.435210228,-2.9998035431,2.9340393543
791.4352674484,-2.9998238087,2.9326310158
792.4353246689,-2.9998209476,2.931232214
793.4353818893,-2.9998040199,2.9298064709
794.4354391098,-2.9998028278,2.928371191
795.4344964027,-2.9997951984,2.926923275
796.4345536232,-2.9997947216,2.9254493713
797.4346108437,-2.9998116493,2.9239680767
798.4346680641,-2.9997971058,2.9224731922
799.4347252846,-2.9997987747,2.9209470749
800.434782505,-2.9998135567,2.919410944
801.4348397255,-2.9998090267,2.9178669453
802.434896946,-2.9997894764,2.9163060188
803.4349541664,-2.9998166561,2.9147222042
804.4350113869,-2.9998030663,2.9131236076
805.4350686073,-2.9998061657,2.9114973545
806.4351258278,-2.9998099804,2.9098393917
807.4351830482,-2.9998040199,2.9081747532
808.4352402687,-2.9998040199,2.9064836502
809.4352974892,-2.9998071194,2.9047760963
810.4353542328,-2.9998075962,2.903042078
811.4354114532,-2.9997947216,2.9012963772
812.4344687462,-2.9998073578,2.8995187283
813.4345259666,-2.999808073,2.8977217674
814.4345831871,-2.9997975826,2.8958945274
815.4346404076,-2.999796629,2.8940701485
816.434697628,-2.9998095036,2.892198801
817.4347548485,-2.9998006821,2.8903038502
818.4348120689,-2.9997961521,2.8883647919
819.4348692894,-2.9997806549,2.8864021301
820.4349265099,-2.999806881,2.8844404221
821.4349837303,-2.9998075962,2.8824105263
822.4350409508,-2.9997835159,2.8803675175
823.4350981712,-2.9998044968,2.878285408
824.4351553917,-2.9997866154,2.8761684895
825.4352126122,-2.999808073,2.8740408421
826.4352698326,-2.9997923374,2.8718681335
827.4353270531,-2.9998159409,2.8696439266
828.4353842735,-2.9998016357,2.8674004078
829.435441494,-2.9997940063,2.8651385307
830.4344983101,-2.9998140335,2.8628358841
831.4345555305,-2.99979949,2.8604795933
832.434612751,-2.9998073578,2.8581166267
833.4346699715,-2.9998013973,2.855661869
834.4347271919,-2.9998123646,2.8532106876
835.4347844124,-2.999806881,2.8507015705
836.4348416328,-2.9998118877,2.8481638432
837.4348988533,-2.9997992516,2.8455514908
838.4349560738,-2.9998185635,2.8429389
839.4350132942,-2.9997963905,2.8402535915
840.4350705147,-2.9998018742,2.8375194073
841.4351277351,-2.9998140335,2.8347587585
842.4351849556,-2.9998049736,2.831912756
843.4352421761,-2.9998090267,2.8290421963
844.4352993965,-2.9998018742,2.8261153698
845.435356617,-2.9997980595,2.8231520653
846.4354138374,-2.999774456,2.8201186657
847.4344706535,-2.9997897148,2.8170449734
848.434527874,-2.999797821,2.8138833046
849.4345850945,-2.9997918606,2.8107161522
850.4346423149,-2.9997897148,2.8074483871
851.4346990585,-2.9997930527,2.8041379452
852.4347567558,-2.9997897148,2.8007488251
853.4348134995,-2.9997689724,2.797314167
854.4348711967,-2.9997940063,2.7938127518
855.4349279404,-2.9997823238,2.7902486324
856.4349856377,-2.9997894764,2.7866244316
857.4350423813,-2.9998064041,2.782943964
858.4351000786,-2.9998025894,2.779163599
859.4351568222,-2.9997830391,2.775342226
860.4352145195,-2.9997730255,2.7714309692
861.4352712631,-2.9997925758,2.7674612999
862.4353289604,-2.9997947216,2.7634115219
863.435385704,-2.9997785091,2.7593021393
864.4354434013,-2.9998025894,2.7551100254
865.4345002174,-2.9997811317,2.7508411407
866.4345574379,-2.9998030663,2.746514082
